{"messi": [454, 404, 393.4720117111254], "lautaro": [451, 1127, 390.5999651817701], "dibu": [1417, 737, 825.9721641798833], "julian_overdrive_slot_mislabeled": [2425.5, 389.5, 401.26550611783216], "depaul_bitcrush": [2425.5, 1125.5, 386.15033341951164]}